ppmCaffeine,nectar_diff
A_50,-0.371015354
B_100,0.135381833
C_150,0.508129683
D_200,0.327563741
A_50,0.265074831
B_100,-0.363366312
C_150,0.523287613
D_200,0.540728262
A_50,0.148968154
B_100,-0.181635727
C_150,0.35487879
D_200,0.217206945
A_50,0.019313184
B_100,-0.223454232
C_150,-0.272688935
D_200,1.127162189
A_50,-0.336011861
B_100,-0.190361205
C_150,0.524356274
D_200,0.059761833