location,total_p
Upstream,11.59235095
Upstream,11.21143136
Upstream,10.09029761
Upstream,11.12034201
Upstream,10.48070909
Upstream,10.40215512
Upstream,11.74989594
Upstream,11.102227
Upstream,10.23872881
Upstream,10.69887503
Downstream,12.65335869
Downstream,12.17335019
Downstream,11.88909248
Downstream,11.90677677
Downstream,12.14647168
Downstream,12.49386778
Downstream,13.54755305
Downstream,11.42028883
Downstream,14.5225466
Downstream,13.23888626